{"val_loss": [1.2004896043777467, 1.028951145553589], "val_acc": [0.5763, 0.6465], "loss": [1.6915229429626464, 1.2071807650756836], "acc": [0.43958, 0.58254]}